urgency_level,actual_mean,predicted_mean,mae,count
3,81.076,82.49417706405782,13.377464125833088,1000
