hospital_id,actual_mean,predicted_mean,mae,count
HOSP-1,80.1,81.79618739346886,12.930360729478366,220
HOSP-2,90.26767676767676,89.97635950006496,15.710492141766933,198
HOSP-3,83.11794871794872,86.42924398159623,12.769460135878795,195
HOSP-4,78.46994535519126,79.73252066783546,13.488870267955592,183
HOSP-5,73.59313725490196,74.70069998949337,12.076467332087049,204
